[
   {
      "model":"venues.venue",
      "pk":1,
      "fields":{
         "added":"2018-01-20T14:44:37.574",
         "updated":"2018-01-20T14:45:34.907",
         "name":"Fancy theater"
      }
   },
   {
      "model":"venues.section",
      "pk":1,
      "fields":{
         "added":"2018-01-20T14:46:13.721",
         "updated":"2018-01-20T14:46:34.677",
         "name":"Standard",
         "venue":1,
         "rows":15,
         "columns":5
      }
   },
   {
      "model":"venues.section",
      "pk":2,
      "fields":{
         "added":"2018-01-20T14:46:24.914",
         "updated":"2018-01-20T14:46:24.914",
         "name":"Premium",
         "venue":1,
         "rows":5,
         "columns":5
      }
   },
   {
      "model":"venues.seat",
      "pk":1,
      "fields":{
         "added":"2018-01-20T14:48:32.163",
         "updated":"2018-01-20T14:48:32.163",
         "name":"00",
         "section":2,
         "row":0,
         "column":0
      }
   },
   {
      "model":"venues.seat",
      "pk":2,
      "fields":{
         "added":"2018-01-20T14:48:32.170",
         "updated":"2018-01-20T14:48:32.170",
         "name":"01",
         "section":2,
         "row":0,
         "column":1
      }
   },
   {
      "model":"venues.seat",
      "pk":3,
      "fields":{
         "added":"2018-01-20T14:48:32.175",
         "updated":"2018-01-20T14:48:32.175",
         "name":"02",
         "section":2,
         "row":0,
         "column":2
      }
   },
   {
      "model":"venues.seat",
      "pk":4,
      "fields":{
         "added":"2018-01-20T14:48:32.180",
         "updated":"2018-01-20T14:48:32.180",
         "name":"03",
         "section":2,
         "row":0,
         "column":3
      }
   },
   {
      "model":"venues.seat",
      "pk":5,
      "fields":{
         "added":"2018-01-20T14:48:32.183",
         "updated":"2018-01-20T14:48:32.183",
         "name":"04",
         "section":2,
         "row":0,
         "column":4
      }
   },
   {
      "model":"venues.seat",
      "pk":6,
      "fields":{
         "added":"2018-01-20T14:48:32.187",
         "updated":"2018-01-20T14:48:32.187",
         "name":"10",
         "section":2,
         "row":1,
         "column":0
      }
   },
   {
      "model":"venues.seat",
      "pk":7,
      "fields":{
         "added":"2018-01-20T14:48:32.190",
         "updated":"2018-01-20T14:48:32.190",
         "name":"11",
         "section":2,
         "row":1,
         "column":1
      }
   },
   {
      "model":"venues.seat",
      "pk":8,
      "fields":{
         "added":"2018-01-20T14:48:32.193",
         "updated":"2018-01-20T14:48:32.193",
         "name":"12",
         "section":2,
         "row":1,
         "column":2
      }
   },
   {
      "model":"venues.seat",
      "pk":9,
      "fields":{
         "added":"2018-01-20T14:48:32.196",
         "updated":"2018-01-20T14:48:32.196",
         "name":"13",
         "section":2,
         "row":1,
         "column":3
      }
   },
   {
      "model":"venues.seat",
      "pk":10,
      "fields":{
         "added":"2018-01-20T14:48:32.199",
         "updated":"2018-01-20T14:48:32.199",
         "name":"14",
         "section":2,
         "row":1,
         "column":4
      }
   },
   {
      "model":"venues.seat",
      "pk":11,
      "fields":{
         "added":"2018-01-20T14:48:32.201",
         "updated":"2018-01-20T14:48:32.201",
         "name":"20",
         "section":2,
         "row":2,
         "column":0
      }
   },
   {
      "model":"venues.seat",
      "pk":12,
      "fields":{
         "added":"2018-01-20T14:48:32.204",
         "updated":"2018-01-20T14:48:32.204",
         "name":"21",
         "section":2,
         "row":2,
         "column":1
      }
   },
   {
      "model":"venues.seat",
      "pk":13,
      "fields":{
         "added":"2018-01-20T14:48:32.207",
         "updated":"2018-01-20T14:48:32.207",
         "name":"22",
         "section":2,
         "row":2,
         "column":2
      }
   },
   {
      "model":"venues.seat",
      "pk":14,
      "fields":{
         "added":"2018-01-20T14:48:32.209",
         "updated":"2018-01-20T14:48:32.209",
         "name":"23",
         "section":2,
         "row":2,
         "column":3
      }
   },
   {
      "model":"venues.seat",
      "pk":15,
      "fields":{
         "added":"2018-01-20T14:48:32.212",
         "updated":"2018-01-20T14:48:32.212",
         "name":"24",
         "section":2,
         "row":2,
         "column":4
      }
   },
   {
      "model":"venues.seat",
      "pk":16,
      "fields":{
         "added":"2018-01-20T14:48:32.215",
         "updated":"2018-01-20T14:48:32.215",
         "name":"30",
         "section":2,
         "row":3,
         "column":0
      }
   },
   {
      "model":"venues.seat",
      "pk":17,
      "fields":{
         "added":"2018-01-20T14:48:32.217",
         "updated":"2018-01-20T14:48:32.217",
         "name":"31",
         "section":2,
         "row":3,
         "column":1
      }
   },
   {
      "model":"venues.seat",
      "pk":18,
      "fields":{
         "added":"2018-01-20T14:48:32.219",
         "updated":"2018-01-20T14:48:32.219",
         "name":"32",
         "section":2,
         "row":3,
         "column":2
      }
   },
   {
      "model":"venues.seat",
      "pk":19,
      "fields":{
         "added":"2018-01-20T14:48:32.222",
         "updated":"2018-01-20T14:48:32.222",
         "name":"33",
         "section":2,
         "row":3,
         "column":3
      }
   },
   {
      "model":"venues.seat",
      "pk":20,
      "fields":{
         "added":"2018-01-20T14:48:32.224",
         "updated":"2018-01-20T14:48:32.224",
         "name":"34",
         "section":2,
         "row":3,
         "column":4
      }
   },
   {
      "model":"venues.seat",
      "pk":21,
      "fields":{
         "added":"2018-01-20T14:48:32.227",
         "updated":"2018-01-20T14:48:32.227",
         "name":"40",
         "section":2,
         "row":4,
         "column":0
      }
   },
   {
      "model":"venues.seat",
      "pk":22,
      "fields":{
         "added":"2018-01-20T14:48:32.229",
         "updated":"2018-01-20T14:48:32.229",
         "name":"41",
         "section":2,
         "row":4,
         "column":1
      }
   },
   {
      "model":"venues.seat",
      "pk":23,
      "fields":{
         "added":"2018-01-20T14:48:32.231",
         "updated":"2018-01-20T14:48:32.231",
         "name":"42",
         "section":2,
         "row":4,
         "column":2
      }
   },
   {
      "model":"venues.seat",
      "pk":24,
      "fields":{
         "added":"2018-01-20T14:48:32.234",
         "updated":"2018-01-20T14:48:32.234",
         "name":"43",
         "section":2,
         "row":4,
         "column":3
      }
   },
   {
      "model":"venues.seat",
      "pk":25,
      "fields":{
         "added":"2018-01-20T14:48:32.236",
         "updated":"2018-01-20T14:48:32.236",
         "name":"44",
         "section":2,
         "row":4,
         "column":4
      }
   },
   {
      "model":"venues.seat",
      "pk":26,
      "fields":{
         "added":"2018-01-20T14:48:38.370",
         "updated":"2018-01-20T14:48:38.370",
         "name":"00",
         "section":1,
         "row":0,
         "column":0
      }
   },
   {
      "model":"venues.seat",
      "pk":27,
      "fields":{
         "added":"2018-01-20T14:48:38.375",
         "updated":"2018-01-20T14:48:38.375",
         "name":"01",
         "section":1,
         "row":0,
         "column":1
      }
   },
   {
      "model":"venues.seat",
      "pk":28,
      "fields":{
         "added":"2018-01-20T14:48:38.380",
         "updated":"2018-01-20T14:48:38.380",
         "name":"02",
         "section":1,
         "row":0,
         "column":2
      }
   },
   {
      "model":"venues.seat",
      "pk":29,
      "fields":{
         "added":"2018-01-20T14:48:38.383",
         "updated":"2018-01-20T14:48:38.383",
         "name":"03",
         "section":1,
         "row":0,
         "column":3
      }
   },
   {
      "model":"venues.seat",
      "pk":30,
      "fields":{
         "added":"2018-01-20T14:48:38.386",
         "updated":"2018-01-20T14:48:38.386",
         "name":"04",
         "section":1,
         "row":0,
         "column":4
      }
   },
   {
      "model":"venues.seat",
      "pk":31,
      "fields":{
         "added":"2018-01-20T14:48:38.389",
         "updated":"2018-01-20T14:48:38.389",
         "name":"10",
         "section":1,
         "row":1,
         "column":0
      }
   },
   {
      "model":"venues.seat",
      "pk":32,
      "fields":{
         "added":"2018-01-20T14:48:38.393",
         "updated":"2018-01-20T14:48:38.393",
         "name":"11",
         "section":1,
         "row":1,
         "column":1
      }
   },
   {
      "model":"venues.seat",
      "pk":33,
      "fields":{
         "added":"2018-01-20T14:48:38.397",
         "updated":"2018-01-20T14:48:38.397",
         "name":"12",
         "section":1,
         "row":1,
         "column":2
      }
   },
   {
      "model":"venues.seat",
      "pk":34,
      "fields":{
         "added":"2018-01-20T14:48:38.401",
         "updated":"2018-01-20T14:48:38.401",
         "name":"13",
         "section":1,
         "row":1,
         "column":3
      }
   },
   {
      "model":"venues.seat",
      "pk":35,
      "fields":{
         "added":"2018-01-20T14:48:38.405",
         "updated":"2018-01-20T14:48:38.405",
         "name":"14",
         "section":1,
         "row":1,
         "column":4
      }
   },
   {
      "model":"venues.seat",
      "pk":36,
      "fields":{
         "added":"2018-01-20T14:48:38.409",
         "updated":"2018-01-20T14:48:38.409",
         "name":"20",
         "section":1,
         "row":2,
         "column":0
      }
   },
   {
      "model":"venues.seat",
      "pk":37,
      "fields":{
         "added":"2018-01-20T14:48:38.412",
         "updated":"2018-01-20T14:48:38.412",
         "name":"21",
         "section":1,
         "row":2,
         "column":1
      }
   },
   {
      "model":"venues.seat",
      "pk":38,
      "fields":{
         "added":"2018-01-20T14:48:38.414",
         "updated":"2018-01-20T14:48:38.414",
         "name":"22",
         "section":1,
         "row":2,
         "column":2
      }
   },
   {
      "model":"venues.seat",
      "pk":39,
      "fields":{
         "added":"2018-01-20T14:48:38.418",
         "updated":"2018-01-20T14:48:38.418",
         "name":"23",
         "section":1,
         "row":2,
         "column":3
      }
   },
   {
      "model":"venues.seat",
      "pk":40,
      "fields":{
         "added":"2018-01-20T14:48:38.421",
         "updated":"2018-01-20T14:48:38.421",
         "name":"24",
         "section":1,
         "row":2,
         "column":4
      }
   },
   {
      "model":"venues.seat",
      "pk":41,
      "fields":{
         "added":"2018-01-20T14:48:38.425",
         "updated":"2018-01-20T14:48:38.425",
         "name":"30",
         "section":1,
         "row":3,
         "column":0
      }
   },
   {
      "model":"venues.seat",
      "pk":42,
      "fields":{
         "added":"2018-01-20T14:48:38.429",
         "updated":"2018-01-20T14:48:38.429",
         "name":"31",
         "section":1,
         "row":3,
         "column":1
      }
   },
   {
      "model":"venues.seat",
      "pk":43,
      "fields":{
         "added":"2018-01-20T14:48:38.432",
         "updated":"2018-01-20T14:48:38.432",
         "name":"32",
         "section":1,
         "row":3,
         "column":2
      }
   },
   {
      "model":"venues.seat",
      "pk":44,
      "fields":{
         "added":"2018-01-20T14:48:38.435",
         "updated":"2018-01-20T14:48:38.435",
         "name":"33",
         "section":1,
         "row":3,
         "column":3
      }
   },
   {
      "model":"venues.seat",
      "pk":45,
      "fields":{
         "added":"2018-01-20T14:48:38.438",
         "updated":"2018-01-20T14:48:38.438",
         "name":"34",
         "section":1,
         "row":3,
         "column":4
      }
   },
   {
      "model":"venues.seat",
      "pk":46,
      "fields":{
         "added":"2018-01-20T14:48:38.440",
         "updated":"2018-01-20T14:48:38.440",
         "name":"40",
         "section":1,
         "row":4,
         "column":0
      }
   },
   {
      "model":"venues.seat",
      "pk":47,
      "fields":{
         "added":"2018-01-20T14:48:38.443",
         "updated":"2018-01-20T14:48:38.443",
         "name":"41",
         "section":1,
         "row":4,
         "column":1
      }
   },
   {
      "model":"venues.seat",
      "pk":48,
      "fields":{
         "added":"2018-01-20T14:48:38.445",
         "updated":"2018-01-20T14:48:38.445",
         "name":"42",
         "section":1,
         "row":4,
         "column":2
      }
   },
   {
      "model":"venues.seat",
      "pk":49,
      "fields":{
         "added":"2018-01-20T14:48:38.448",
         "updated":"2018-01-20T14:48:38.448",
         "name":"43",
         "section":1,
         "row":4,
         "column":3
      }
   },
   {
      "model":"venues.seat",
      "pk":50,
      "fields":{
         "added":"2018-01-20T14:48:38.450",
         "updated":"2018-01-20T14:48:38.450",
         "name":"44",
         "section":1,
         "row":4,
         "column":4
      }
   },
   {
      "model":"venues.seat",
      "pk":51,
      "fields":{
         "added":"2018-01-20T14:48:38.453",
         "updated":"2018-01-20T14:48:38.453",
         "name":"50",
         "section":1,
         "row":5,
         "column":0
      }
   },
   {
      "model":"venues.seat",
      "pk":52,
      "fields":{
         "added":"2018-01-20T14:48:38.455",
         "updated":"2018-01-20T14:48:38.455",
         "name":"51",
         "section":1,
         "row":5,
         "column":1
      }
   },
   {
      "model":"venues.seat",
      "pk":53,
      "fields":{
         "added":"2018-01-20T14:48:38.458",
         "updated":"2018-01-20T14:48:38.458",
         "name":"52",
         "section":1,
         "row":5,
         "column":2
      }
   },
   {
      "model":"venues.seat",
      "pk":54,
      "fields":{
         "added":"2018-01-20T14:48:38.461",
         "updated":"2018-01-20T14:48:38.461",
         "name":"53",
         "section":1,
         "row":5,
         "column":3
      }
   },
   {
      "model":"venues.seat",
      "pk":55,
      "fields":{
         "added":"2018-01-20T14:48:38.463",
         "updated":"2018-01-20T14:48:38.463",
         "name":"54",
         "section":1,
         "row":5,
         "column":4
      }
   },
   {
      "model":"venues.seat",
      "pk":56,
      "fields":{
         "added":"2018-01-20T14:48:38.466",
         "updated":"2018-01-20T14:48:38.466",
         "name":"60",
         "section":1,
         "row":6,
         "column":0
      }
   },
   {
      "model":"venues.seat",
      "pk":57,
      "fields":{
         "added":"2018-01-20T14:48:38.468",
         "updated":"2018-01-20T14:48:38.468",
         "name":"61",
         "section":1,
         "row":6,
         "column":1
      }
   },
   {
      "model":"venues.seat",
      "pk":58,
      "fields":{
         "added":"2018-01-20T14:48:38.470",
         "updated":"2018-01-20T14:48:38.471",
         "name":"62",
         "section":1,
         "row":6,
         "column":2
      }
   },
   {
      "model":"venues.seat",
      "pk":59,
      "fields":{
         "added":"2018-01-20T14:48:38.473",
         "updated":"2018-01-20T14:48:38.473",
         "name":"63",
         "section":1,
         "row":6,
         "column":3
      }
   },
   {
      "model":"venues.seat",
      "pk":60,
      "fields":{
         "added":"2018-01-20T14:48:38.475",
         "updated":"2018-01-20T14:48:38.475",
         "name":"64",
         "section":1,
         "row":6,
         "column":4
      }
   },
   {
      "model":"venues.seat",
      "pk":61,
      "fields":{
         "added":"2018-01-20T14:48:38.478",
         "updated":"2018-01-20T14:48:38.478",
         "name":"70",
         "section":1,
         "row":7,
         "column":0
      }
   },
   {
      "model":"venues.seat",
      "pk":62,
      "fields":{
         "added":"2018-01-20T14:48:38.480",
         "updated":"2018-01-20T14:48:38.480",
         "name":"71",
         "section":1,
         "row":7,
         "column":1
      }
   },
   {
      "model":"venues.seat",
      "pk":63,
      "fields":{
         "added":"2018-01-20T14:48:38.483",
         "updated":"2018-01-20T14:48:38.483",
         "name":"72",
         "section":1,
         "row":7,
         "column":2
      }
   },
   {
      "model":"venues.seat",
      "pk":64,
      "fields":{
         "added":"2018-01-20T14:48:38.485",
         "updated":"2018-01-20T14:48:38.485",
         "name":"73",
         "section":1,
         "row":7,
         "column":3
      }
   },
   {
      "model":"venues.seat",
      "pk":65,
      "fields":{
         "added":"2018-01-20T14:48:38.487",
         "updated":"2018-01-20T14:48:38.487",
         "name":"74",
         "section":1,
         "row":7,
         "column":4
      }
   },
   {
      "model":"venues.seat",
      "pk":66,
      "fields":{
         "added":"2018-01-20T14:48:38.490",
         "updated":"2018-01-20T14:48:38.490",
         "name":"80",
         "section":1,
         "row":8,
         "column":0
      }
   },
   {
      "model":"venues.seat",
      "pk":67,
      "fields":{
         "added":"2018-01-20T14:48:38.492",
         "updated":"2018-01-20T14:48:38.492",
         "name":"81",
         "section":1,
         "row":8,
         "column":1
      }
   },
   {
      "model":"venues.seat",
      "pk":68,
      "fields":{
         "added":"2018-01-20T14:48:38.495",
         "updated":"2018-01-20T14:48:38.495",
         "name":"82",
         "section":1,
         "row":8,
         "column":2
      }
   },
   {
      "model":"venues.seat",
      "pk":69,
      "fields":{
         "added":"2018-01-20T14:48:38.497",
         "updated":"2018-01-20T14:48:38.497",
         "name":"83",
         "section":1,
         "row":8,
         "column":3
      }
   },
   {
      "model":"venues.seat",
      "pk":70,
      "fields":{
         "added":"2018-01-20T14:48:38.499",
         "updated":"2018-01-20T14:48:38.499",
         "name":"84",
         "section":1,
         "row":8,
         "column":4
      }
   },
   {
      "model":"venues.seat",
      "pk":71,
      "fields":{
         "added":"2018-01-20T14:48:38.502",
         "updated":"2018-01-20T14:48:38.502",
         "name":"90",
         "section":1,
         "row":9,
         "column":0
      }
   },
   {
      "model":"venues.seat",
      "pk":72,
      "fields":{
         "added":"2018-01-20T14:48:38.504",
         "updated":"2018-01-20T14:48:38.504",
         "name":"91",
         "section":1,
         "row":9,
         "column":1
      }
   },
   {
      "model":"venues.seat",
      "pk":73,
      "fields":{
         "added":"2018-01-20T14:48:38.506",
         "updated":"2018-01-20T14:48:38.506",
         "name":"92",
         "section":1,
         "row":9,
         "column":2
      }
   },
   {
      "model":"venues.seat",
      "pk":74,
      "fields":{
         "added":"2018-01-20T14:48:38.509",
         "updated":"2018-01-20T14:48:38.509",
         "name":"93",
         "section":1,
         "row":9,
         "column":3
      }
   },
   {
      "model":"venues.seat",
      "pk":75,
      "fields":{
         "added":"2018-01-20T14:48:38.511",
         "updated":"2018-01-20T14:48:38.511",
         "name":"94",
         "section":1,
         "row":9,
         "column":4
      }
   },
   {
      "model":"venues.seat",
      "pk":76,
      "fields":{
         "added":"2018-01-20T14:48:38.513",
         "updated":"2018-01-20T14:48:38.513",
         "name":"100",
         "section":1,
         "row":10,
         "column":0
      }
   },
   {
      "model":"venues.seat",
      "pk":77,
      "fields":{
         "added":"2018-01-20T14:48:38.516",
         "updated":"2018-01-20T14:48:38.516",
         "name":"101",
         "section":1,
         "row":10,
         "column":1
      }
   },
   {
      "model":"venues.seat",
      "pk":78,
      "fields":{
         "added":"2018-01-20T14:48:38.518",
         "updated":"2018-01-20T14:48:38.518",
         "name":"102",
         "section":1,
         "row":10,
         "column":2
      }
   },
   {
      "model":"venues.seat",
      "pk":79,
      "fields":{
         "added":"2018-01-20T14:48:38.521",
         "updated":"2018-01-20T14:48:38.521",
         "name":"103",
         "section":1,
         "row":10,
         "column":3
      }
   },
   {
      "model":"venues.seat",
      "pk":80,
      "fields":{
         "added":"2018-01-20T14:48:38.523",
         "updated":"2018-01-20T14:48:38.523",
         "name":"104",
         "section":1,
         "row":10,
         "column":4
      }
   },
   {
      "model":"venues.seat",
      "pk":81,
      "fields":{
         "added":"2018-01-20T14:48:38.525",
         "updated":"2018-01-20T14:48:38.525",
         "name":"110",
         "section":1,
         "row":11,
         "column":0
      }
   },
   {
      "model":"venues.seat",
      "pk":82,
      "fields":{
         "added":"2018-01-20T14:48:38.528",
         "updated":"2018-01-20T14:48:38.528",
         "name":"111",
         "section":1,
         "row":11,
         "column":1
      }
   },
   {
      "model":"venues.seat",
      "pk":83,
      "fields":{
         "added":"2018-01-20T14:48:38.530",
         "updated":"2018-01-20T14:48:38.530",
         "name":"112",
         "section":1,
         "row":11,
         "column":2
      }
   },
   {
      "model":"venues.seat",
      "pk":84,
      "fields":{
         "added":"2018-01-20T14:48:38.532",
         "updated":"2018-01-20T14:48:38.532",
         "name":"113",
         "section":1,
         "row":11,
         "column":3
      }
   },
   {
      "model":"venues.seat",
      "pk":85,
      "fields":{
         "added":"2018-01-20T14:48:38.535",
         "updated":"2018-01-20T14:48:38.535",
         "name":"114",
         "section":1,
         "row":11,
         "column":4
      }
   },
   {
      "model":"venues.seat",
      "pk":86,
      "fields":{
         "added":"2018-01-20T14:48:38.537",
         "updated":"2018-01-20T14:48:38.537",
         "name":"120",
         "section":1,
         "row":12,
         "column":0
      }
   },
   {
      "model":"venues.seat",
      "pk":87,
      "fields":{
         "added":"2018-01-20T14:48:38.539",
         "updated":"2018-01-20T14:48:38.539",
         "name":"121",
         "section":1,
         "row":12,
         "column":1
      }
   },
   {
      "model":"venues.seat",
      "pk":88,
      "fields":{
         "added":"2018-01-20T14:48:38.542",
         "updated":"2018-01-20T14:48:38.542",
         "name":"122",
         "section":1,
         "row":12,
         "column":2
      }
   },
   {
      "model":"venues.seat",
      "pk":89,
      "fields":{
         "added":"2018-01-20T14:48:38.544",
         "updated":"2018-01-20T14:48:38.544",
         "name":"123",
         "section":1,
         "row":12,
         "column":3
      }
   },
   {
      "model":"venues.seat",
      "pk":90,
      "fields":{
         "added":"2018-01-20T14:48:38.546",
         "updated":"2018-01-20T14:48:38.547",
         "name":"124",
         "section":1,
         "row":12,
         "column":4
      }
   },
   {
      "model":"venues.seat",
      "pk":91,
      "fields":{
         "added":"2018-01-20T14:48:38.549",
         "updated":"2018-01-20T14:48:38.549",
         "name":"130",
         "section":1,
         "row":13,
         "column":0
      }
   },
   {
      "model":"venues.seat",
      "pk":92,
      "fields":{
         "added":"2018-01-20T14:48:38.552",
         "updated":"2018-01-20T14:48:38.552",
         "name":"131",
         "section":1,
         "row":13,
         "column":1
      }
   },
   {
      "model":"venues.seat",
      "pk":93,
      "fields":{
         "added":"2018-01-20T14:48:38.554",
         "updated":"2018-01-20T14:48:38.554",
         "name":"132",
         "section":1,
         "row":13,
         "column":2
      }
   },
   {
      "model":"venues.seat",
      "pk":94,
      "fields":{
         "added":"2018-01-20T14:48:38.556",
         "updated":"2018-01-20T14:48:38.556",
         "name":"133",
         "section":1,
         "row":13,
         "column":3
      }
   },
   {
      "model":"venues.seat",
      "pk":95,
      "fields":{
         "added":"2018-01-20T14:48:38.559",
         "updated":"2018-01-20T14:48:38.559",
         "name":"134",
         "section":1,
         "row":13,
         "column":4
      }
   },
   {
      "model":"venues.seat",
      "pk":96,
      "fields":{
         "added":"2018-01-20T14:48:38.561",
         "updated":"2018-01-20T14:48:38.561",
         "name":"140",
         "section":1,
         "row":14,
         "column":0
      }
   },
   {
      "model":"venues.seat",
      "pk":97,
      "fields":{
         "added":"2018-01-20T14:48:38.564",
         "updated":"2018-01-20T14:48:38.564",
         "name":"141",
         "section":1,
         "row":14,
         "column":1
      }
   },
   {
      "model":"venues.seat",
      "pk":98,
      "fields":{
         "added":"2018-01-20T14:48:38.566",
         "updated":"2018-01-20T14:48:38.566",
         "name":"142",
         "section":1,
         "row":14,
         "column":2
      }
   },
   {
      "model":"venues.seat",
      "pk":99,
      "fields":{
         "added":"2018-01-20T14:48:38.569",
         "updated":"2018-01-20T14:48:38.569",
         "name":"143",
         "section":1,
         "row":14,
         "column":3
      }
   },
   {
      "model":"venues.seat",
      "pk":100,
      "fields":{
         "added":"2018-01-20T14:48:38.571",
         "updated":"2018-01-20T14:48:38.571",
         "name":"144",
         "section":1,
         "row":14,
         "column":4
      }
   },
   {
      "model":"events.event",
      "pk":1,
      "fields":{
         "added":"2018-01-20T14:50:19.601",
         "updated":"2018-01-20T14:50:19.601",
         "name":"Volksmuziek",
         "venue":1
      }
   },
   {
      "model":"events.guest",
      "pk":1,
      "fields":{
         "added":"2018-01-20T14:51:39.338",
         "updated":"2018-01-20T14:51:39.338",
         "name":"Person1",
         "group":"Group1",
         "seat":27,
         "event":1
      }
   },
   {
      "model":"events.guest",
      "pk":2,
      "fields":{
         "added":"2018-01-20T14:51:54.390",
         "updated":"2018-01-20T14:51:54.390",
         "name":"Person2",
         "group":"Group1",
         "seat":29,
         "event":1
      }
   },
   {
      "model":"events.guest",
      "pk":3,
      "fields":{
         "added":"2018-01-20T14:53:06.631",
         "updated":"2018-01-20T14:53:06.631",
         "name":"Person3",
         "group":"Group1",
         "seat":28,
         "event":1
      }
   },
   {
      "model":"events.blockedseat",
      "pk":1,
      "fields":{
         "added":"2018-01-20T14:50:37.482",
         "updated":"2018-01-20T14:50:37.482",
         "reason":"filthy",
         "seat":88,
         "event":1
      }
   },
   {
      "model":"auth.user",
      "pk":1,
      "fields":{
         "password":"pbkdf2_sha256$100000$Sjfs4ihnPbfV$e0GKzx31r0JbMnvLEL9FlvUzSKo+7QHNf5j0yw9eRYE=",
         "last_login":"2018-01-20T14:44:09.072",
         "is_superuser":true,
         "username":"admin",
         "first_name":"",
         "last_name":"",
         "email":"admin@admin.com",
         "is_staff":true,
         "is_active":true,
         "date_joined":"2018-01-20T14:43:48.885",
         "groups":[

         ],
         "user_permissions":[

         ]
      }
   }
]